fold,model,train_pairs,test_pairs,MAE,RMSE,R2,Spearman
1,TF-IDF only,1878,117,0.44399433309196407,0.5812387291713461,0.8374342420243143,0.8061273019577968
1,Dense only,1878,117,0.49082423937626374,0.6343193515965015,0.8063863795712727,0.7934868671307249
1,Hybrid,1878,117,0.44383410084196645,0.5840485191967077,0.8358587114163089,0.7794902668986118
2,TF-IDF only,1943,101,0.4020931667251752,0.6058640419923899,0.8017527693505498,0.8116941849515238
2,Dense only,1943,101,0.44325348823377403,0.6326548039231484,0.7838325030942022,0.8262350284718245
2,Hybrid,1943,101,0.4029839758088093,0.6071588792319393,0.8009044859629122,0.8120993214474471
3,TF-IDF only,1911,127,0.4237317972941192,0.5842829520477695,0.8126497463035924,0.8202046021678314
3,Dense only,1911,127,0.45071292298985277,0.6029390131916091,0.8004946127399246,0.81754620690417
3,Hybrid,1911,127,0.42320811924502605,0.5838656356483723,0.8129172756297858,0.8217095539967258
4,TF-IDF only,1937,124,0.5141149612083551,0.7166786747191438,0.7444076154137815,0.7468931461280612
4,Dense only,1937,124,0.5556058657746161,0.7463638858931945,0.7227955611720087,0.7531309152328698
4,Hybrid,1937,124,0.5152199558553195,0.7136227092325585,0.7465826939858236,0.7645152509735995
5,TF-IDF only,1920,120,0.564711822134753,0.780275080172174,0.6617093497984732,0.748794488573661
5,Dense only,1920,120,0.5860098019242287,0.7830465471652028,0.6593019258992983,0.7716465868888648
5,Hybrid,1920,120,0.5658676580215494,0.7834481417388016,0.6589523743080208,0.7425550404646329
