fold,model,train_pairs,test_pairs,MAE,RMSE,R2,Pearson_r,Spearman_rho
1,Dense Ridge,1878,117,0.49082423937626374,0.6343193515965015,0.8063863795712727,0.9044386235315854,0.7934868671307249
1,Mean baseline,1878,117,1.347068621829005,1.453799186880786,-0.017018440146484348,,
2,Dense Ridge,1943,101,0.44325348823377403,0.6326548039231484,0.7838325030942022,0.8910976865474507,0.8262350284718245
2,Mean baseline,1943,101,1.30894350371733,1.395399404743118,-0.051607900615455504,,
3,Dense Ridge,1911,127,0.45071292298985277,0.6029390131916091,0.8004946127399246,0.8953648092393185,0.81754620690417
3,Mean baseline,1911,127,1.249228461826887,1.3536436196808972,-0.005579791458968586,,
4,Dense Ridge,1937,124,0.5556058657746161,0.7463638858931945,0.7227955611720087,0.8506999798375109,0.7531309152328698
4,Mean baseline,1937,124,1.282974170233317,1.4181069000212525,-0.0007299238796123486,,
5,Dense Ridge,1920,120,0.5860098019242287,0.7830465471652028,0.6593019258992983,0.8167672436814841,0.7716465868888648
5,Mean baseline,1920,120,1.1793489583333334,1.3415737585908512,-5.441257331395555e-05,,
